unidade;ano;mes;media_permanencia_setor
CHPB;2019,0;1,0;151,0909090909091
CHPB;2019,0;2,0;347,8888888888889
CHPB;2019,0;3,0;102,14814814814815
CHPB;2019,0;4,0;21,38095238095238
CHPB;2019,0;5,0;307,0810810810811
CHPB;2019,0;6,0;17,346153846153847
CHPB;2019,0;7,0;78,36
CHPB;2019,0;8,0;82,46428571428571
CHPB;2019,0;9,0;262,40625
CHPB;2019,0;10,0;47,282051282051285
CHPB;2019,0;11,0;368,85714285714283
CHPB;2019,0;12,0;276,1025641025641
CHPB;2020,0;1,0;156,41860465116278
CHPB;2020,0;2,0;209,57142857142858
CHPB;2020,0;3,0;141,31578947368422
CHPB;2020,0;4,0;103,07142857142857
CHPB;2020,0;5,0;238,55172413793105
CHPB;2020,0;6,0;594,7037037037037
CHPB;2020,0;7,0;51,8235294117647
CHPB;2020,0;8,0;215,66666666666666
CHPB;2020,0;9,0;221,02941176470588
CHPB;2020,0;10,0;34,44827586206897
CHPB;2020,0;11,0;110,0
CHPB;2020,0;12,0;82,13157894736842
CHPB;2021,0;1,0;319,36538461538464
CHPB;2021,0;2,0;22,82758620689655
CHPB;2021,0;3,0;59,03125
CHPB;2021,0;4,0;352,03333333333336
CHPB;2021,0;5,0;25,555555555555557
CHPB;2021,0;6,0;48,088235294117645
CHPB;2021,0;7,0;169,6764705882353
CHPB;2021,0;8,0;407,03225806451616
CHPB;2021,0;9,0;95,47058823529412
CHPB;2021,0;10,0;56,644444444444446
CHPB;2021,0;11,0;557,6326530612245
CHPB;2021,0;12,0;219,68421052631578
CHPB;2022,0;1,0;529,75
CHPB;2022,0;2,0;39,407407407407405
CHPB;2022,0;3,0;34,833333333333336
CHPB;2022,0;4,0;266,60526315789474
CHPB;2022,0;5,0;399,1842105263158
CHPB;2022,0;6,0;1325,4888888888888
CHPB;2022,0;7,0;492,975
CHPB;2022,0;8,0;60,02777777777778
CHPB;2022,0;9,0;34,16216216216216
CHPB;2022,0;10,0;103,76923076923077
CHPB;2022,0;11,0;141,14893617021278
CHPB;2022,0;12,0;60,15
CHPB;2023,0;1,0;35,53658536585366
CHPB;2023,0;2,0;282,2564102564103
CHPB;2023,0;3,0;196,14
CHPB;2023,0;4,0;57,80434782608695
CHPB;2023,0;5,0;27,694915254237287
CHPB;2023,0;6,0;26,404255319148938
CHPB;2023,0;7,0;44,326530612244895
CHPB;2023,0;8,0;36,34090909090909
CHPB;2023,0;9,0;31,333333333333332
CHPB;2023,0;10,0;62,98
CHPB;2023,0;11,0;73,52777777777777
CHPB;2023,0;12,0;41,625
CHPB;2024,0;1,0;36,476190476190474
CHPB;2024,0;2,0;129,63636363636363
CHPB;2024,0;3,0;77,57142857142857
CHPB;2024,0;4,0;24,408163265306122
CHPB;2024,0;5,0;29,341463414634145
CHPB;2024,0;6,0;28,651162790697676
CHPB;2024,0;7,0;65,38297872340425
CHPB;2024,0;8,0;61,372093023255815
CHPB;2024,0;9,0;157,13333333333333
CHPB;2024,0;10,0;91,92857142857143
CHPB;2024,0;11,0;59,723404255319146
CHPB;2024,0;12,0;119,35087719298245
CHPB;2025,0;1,0;239,92857142857142
CHPB;2025,0;2,0;30,3953488372093
CHPB;2025,0;3,0;51,63265306122449
CHPB;2025,0;4,0;86,90566037735849
CHPB;2025,0;5,0;83,34042553191489
CHPB;2025,0;6,0;154,96363636363637
CHPB;2025,0;7,0;24,547619047619047
CHPB;2025,0;8,0;39,32608695652174
CHPB;2025,0;9,0;112,54838709677419
CHPB;2025,0;10,0;22,953488372093023
CHPB;2025,0;11,0;53,39393939393939
CHPB;2025,0;12,0;46,7
CHPB;2026,0;1,0;48,95454545454545
CHPB;2026,0;2,0;79,21428571428571
CSPD;2019,0;1,0;7,454545454545454
CSPD;2019,0;2,0;7,590909090909091
CSPD;2019,0;3,0;10,076923076923077
CSPD;2019,0;4,0;10,894736842105264
CSPD;2019,0;5,0;12,38888888888889
CSPD;2019,0;6,0;9,081632653061224
CSPD;2019,0;7,0;10,285714285714286
CSPD;2019,0;8,0;10,702702702702704
CSPD;2019,0;9,0;41,526315789473685
CSPD;2019,0;10,0;13,0
CSPD;2019,0;11,0;12,333333333333334
CSPD;2019,0;12,0;9,821428571428571
CSPD;2020,0;1,0;14,266666666666667
CSPD;2020,0;2,0;8,148936170212766
CSPD;2020,0;3,0;9,235294117647058
CSPD;2020,0;4,0;16,0
CSPD;2020,0;5,0;9,35
CSPD;2020,0;6,0;10,391304347826088
CSPD;2020,0;7,0;18,647058823529413
CSPD;2020,0;8,0;10,083333333333334
CSPD;2020,0;9,0;11,161290322580646
CSPD;2020,0;10,0;9,733333333333333
CSPD;2020,0;11,0;12,666666666666666
CSPD;2020,0;12,0;12,96875
CSPD;2021,0;1,0;7,2
CSPD;2021,0;2,0;8,571428571428571
CSPD;2021,0;3,0;10,96
CSPD;2021,0;4,0;9,228571428571428
CSPD;2021,0;5,0;10,4
CSPD;2021,0;6,0;7,914285714285715
CSPD;2021,0;7,0;9,5
CSPD;2021,0;8,0;11,875
CSPD;2021,0;9,0;14,4
CSPD;2021,0;10,0;8,0
CSPD;2021,0;11,0;9,05
CSPD;2021,0;12,0;9,61111111111111
CSPD;2022,0;1,0;8,588235294117647
CSPD;2022,0;2,0;11,36
CSPD;2022,0;3,0;17,125
CSPD;2022,0;4,0;10,825
CSPD;2022,0;5,0;9,26923076923077
CSPD;2022,0;6,0;9,666666666666666
CSPD;2022,0;7,0;13,170731707317072
CSPD;2022,0;8,0;10,55813953488372
CSPD;2022,0;9,0;12,871794871794872
CSPD;2022,0;10,0;18,823529411764707
CSPD;2022,0;11,0;18,0
CSPD;2022,0;12,0;23,625
CSPD;2023,0;1,0;10,027777777777779
CSPD;2023,0;2,0;11,391304347826088
CSPD;2023,0;3,0;16,027027027027028
CSPD;2023,0;4,0;24,096774193548388
CSPD;2023,0;5,0;17,11627906976744
CSPD;2023,0;6,0;22,806451612903224
CSPD;2023,0;7,0;18,466666666666665
CSPD;2023,0;8,0;16,738095238095237
CSPD;2023,0;9,0;18,636363636363637
CSPD;2023,0;10,0;26,384615384615383
CSPD;2023,0;11,0;17,70967741935484
CSPD;2023,0;12,0;27,609756097560975
CSPD;2024,0;1,0;24,022222222222222
CSPD;2024,0;2,0;17,93548387096774
CSPD;2024,0;3,0;21,355555555555554
CSPD;2024,0;4,0;16,3
CSPD;2024,0;5,0;25,51063829787234
CSPD;2024,0;6,0;27,357142857142858
CSPD;2024,0;7,0;31,5
CSSFA;2019,0;1,0;262,0
CSSFA;2019,0;2,0;47,583333333333336
CSSFA;2019,0;3,0;216,5
CSSFA;2019,0;4,0;53,30769230769231
CSSFA;2019,0;5,0;119,61538461538461
CSSFA;2019,0;6,0;52,06666666666667
CSSFA;2019,0;7,0;67,0
CSSFA;2019,0;8,0;296,35714285714283
CSSFA;2019,0;9,0;49,357142857142854
CSSFA;2019,0;10,0;50,23809523809524
CSSFA;2019,0;11,0;44,628571428571426
CSSFA;2019,0;12,0;26,214285714285715
CSSFA;2020,0;1,0;24,857142857142858
CSSFA;2020,0;2,0;52,53333333333333
CSSFA;2020,0;3,0;75,51612903225806
CSSFA;2020,0;4,0;25,1
CSSFA;2020,0;5,0;53,15384615384615
CSSFA;2020,0;6,0;36,72727272727273
CSSFA;2020,0;7,0;37,9
CSSFA;2020,0;8,0;29,333333333333332
CSSFA;2020,0;9,0;106,66666666666667
CSSFA;2020,0;10,0;57,78947368421053
CSSFA;2020,0;11,0;38,857142857142854
CSSFA;2020,0;12,0;83,91666666666667
CSSFA;2021,0;1,0;104,25
CSSFA;2021,0;2,0;31,96551724137931
CSSFA;2021,0;3,0;101,83333333333333
CSSFA;2021,0;4,0;47,35
CSSFA;2021,0;5,0;64,03125
CSSFA;2021,0;6,0;39,58620689655172
CSSFA;2021,0;7,0;36,04
CSSFA;2021,0;8,0;38,714285714285715
CSSFA;2021,0;9,0;40,61904761904762
CSSFA;2021,0;10,0;39,8
CSSFA;2021,0;11,0;56,0
CSSFA;2021,0;12,0;48,88235294117647
CSSFA;2022,0;1,0;49,59090909090909
CSSFA;2022,0;2,0;49,15384615384615
CSSFA;2022,0;3,0;48,608695652173914
CSSFA;2022,0;4,0;42,833333333333336
CSSFA;2022,0;5,0;40,35
CSSFA;2022,0;6,0;42,0
CSSFA;2022,0;7,0;39,65625
CSSFA;2022,0;8,0;54,26086956521739
CSSFA;2022,0;9,0;51,74074074074074
CSSFA;2022,0;10,0;62,47826086956522
CSSFA;2022,0;11,0;46,26086956521739
CSSFA;2022,0;12,0;50,148148148148145
CSSFA;2023,0;1,0;41,61538461538461
CSSFA;2023,0;2,0;45,583333333333336
CSSFA;2023,0;3,0;52,303030303030305
CSSFA;2023,0;4,0;55,388888888888886
CSSFA;2023,0;5,0;67,25
CSSFA;2023,0;6,0;39,1
CSSFA;2023,0;7,0;37,6875
CSSFA;2023,0;8,0;69,86363636363636
CSSFA;2023,0;9,0;50,529411764705884
CSSFA;2023,0;10,0;41,166666666666664
CSSFA;2023,0;11,0;62,92307692307692
CSSFA;2023,0;12,0;57,421052631578945
CSSFA;2024,0;1,0;42,642857142857146
CSSFA;2024,0;2,0;51,5
CSSFA;2024,0;3,0;47,233333333333334
CSSFA;2024,0;4,0;49,416666666666664
CSSFA;2024,0;5,0;84,95833333333333
CSSFA;2024,0;6,0;56,166666666666664
CSSFA;2024,0;7,0;50,54545454545455
CSSFA;2024,0;8,0;35,714285714285715
CSSFA;2024,0;9,0;51,35
CSSFA;2024,0;10,0;49,17857142857143
CSSFA;2024,0;11,0;53,526315789473685
CSSFA;2024,0;12,0;45,0
CSSFA;2025,0;1,0;76,28571428571429
CSSFA;2025,0;2,0;60,76470588235294
CSSFA;2025,0;3,0;48,92307692307692
CSSFA;2025,0;4,0;53,111111111111114
CSSFA;2025,0;5,0;46,68421052631579
CSSFA;2025,0;6,0;67,17647058823529
CSSFA;2025,0;7,0;57,8
CSSFA;2025,0;8,0;64,42307692307692
CSSFA;2025,0;9,0;53,13333333333333
CSSFA;2025,0;10,0;64,6875
CSSFA;2025,0;11,0;124,94736842105263
CSSFA;2025,0;12,0;54,55555555555556
CSSFA;2026,0;1,0;58,75
CSSFA;2026,0;2,0;55,333333333333336
CSSFE;2019,0;1,0;19,166666666666668
CSSFE;2019,0;2,0;17,36842105263158
CSSFE;2019,0;3,0;20,692307692307693
CSSFE;2019,0;4,0;83,76923076923077
CSSFE;2019,0;5,0;24,818181818181817
CSSFE;2019,0;6,0;30,88888888888889
CSSFE;2019,0;7,0;46,0
CSSFE;2019,0;8,0;34,416666666666664
CSSFE;2019,0;9,0;27,375
CSSFE;2019,0;10,0;29,26086956521739
CSSFE;2019,0;11,0;27,875
CSSFE;2019,0;12,0;30,714285714285715
CSSFE;2020,0;1,0;32,5
CSSFE;2020,0;2,0;27,470588235294116
CSSFE;2020,0;3,0;41,0
CSSFE;2020,0;4,0;29,76923076923077
CSSFE;2020,0;5,0;33,8
CSSFE;2020,0;6,0;31,22222222222222
CSSFE;2020,0;7,0;24,933333333333334
CSSFE;2020,0;8,0;35,0
CSSFE;2020,0;9,0;30,666666666666668
CSSFE;2020,0;10,0;27,1
CSSFE;2020,0;11,0;15,8125
CSSFE;2020,0;12,0;9,035714285714286
CSSFE;2021,0;1,0;21,6875
CSSFE;2021,0;2,0;8,93939393939394
CSSFE;2021,0;3,0;16,18421052631579
CSSFE;2021,0;4,0;10,264705882352942
CSSFE;2021,0;5,0;8,325
CSSFE;2021,0;6,0;8,222222222222221
CSSFE;2021,0;7,0;9,666666666666666
CSSFE;2021,0;8,0;11,135135135135135
CSSFE;2021,0;9,0;7,204081632653061
CSSFE;2021,0;10,0;8,918367346938776
CSSFE;2021,0;11,0;7,325
CSSFE;2021,0;12,0;8,84
CSSFE;2022,0;1,0;7,857142857142857
CSSFE;2022,0;2,0;8,411764705882353
CSSFE;2022,0;3,0;9,27450980392157
CSSFE;2022,0;4,0;8,886363636363637
CSSFE;2022,0;5,0;9,651162790697674
CSSFE;2022,0;6,0;8,3125
CSSFE;2022,0;7,0;9,409090909090908
CSSFE;2022,0;8,0;8,885245901639344
CSSFE;2022,0;9,0;8,204545454545455
CSSFE;2022,0;10,0;10,805555555555555
CSSFE;2022,0;11,0;11,0
CSSFE;2022,0;12,0;13,333333333333334
CSSFE;2023,0;1,0;10,26086956521739
CSSFE;2023,0;2,0;15,6
CSSFE;2023,0;3,0;9,444444444444445
CSSFE;2023,0;4,0;16,7
CSSFE;2023,0;5,0;20,153846153846153
CSSFE;2023,0;6,0;24,666666666666668
CSSFE;2023,0;7,0;25,285714285714285
CSSFE;2023,0;8,0;27,68421052631579
CSSFE;2023,0;9,0;25,642857142857142
CSSFE;2023,0;10,0;29,823529411764707
CSSFE;2023,0;11,0;28,11111111111111
CSSFE;2023,0;12,0;30,22222222222222
CSSFE;2024,0;1,0;40,666666666666664
CSSFE;2024,0;2,0;26,133333333333333
CSSFE;2024,0;3,0;15,476190476190476
CSSFE;2024,0;4,0;13,733333333333333
CSSFE;2024,0;5,0;21,38888888888889
CSSFE;2024,0;6,0;35,07692307692308
CSSFE;2024,0;7,0;23,38888888888889
CSSFE;2024,0;8,0;28,636363636363637
CSSFE;2024,0;9,0;33,0
CSSFE;2024,0;10,0;32,36363636363637
CSSFE;2024,0;11,0;24,9375
CSSFE;2024,0;12,0;32,75
CSSFE;2025,0;1,0;32,55555555555556
CSSFE;2025,0;2,0;27,454545454545453
CSSI;2019,0;1,0;5,327433628318584
CSSI;2019,0;2,0;5,988095238095238
CSSI;2019,0;3,0;6,173913043478261
CSSI;2019,0;4,0;6,989010989010989
CSSI;2019,0;5,0;6,026315789473684
CSSI;2019,0;6,0;6,204301075268817
CSSI;2019,0;7,0;6,025
CSSI;2019,0;8,0;7,69620253164557
CSSI;2019,0;9,0;5,830985915492958
CSSI;2019,0;10,0;6,414634146341464
CSSI;2019,0;11,0;5,910714285714286
CSSI;2019,0;12,0;7,680555555555555
CSSI;2020,0;1,0;7,6455696202531644
CSSI;2020,0;2,0;6,609195402298851
CSSI;2020,0;3,0;7,888888888888889
CSSI;2020,0;4,0;5,758620689655173
CSSI;2020,0;5,0;8,346153846153847
CSSI;2020,0;6,0;5,25
CSSI;2020,0;7,0;6,290322580645161
CSSI;2020,0;8,0;4,238095238095238
CSSI;2020,0;9,0;4,608695652173913
CSSI;2020,0;10,0;6,435897435897436
CSSI;2020,0;11,0;4,569620253164557
CSSI;2020,0;12,0;5,104651162790698
CSSI;2021,0;1,0;5,507246376811594
CSSI;2021,0;2,0;5,317073170731708
CSSI;2021,0;3,0;4,6902654867256635
CSSI;2021,0;4,0;6,0813953488372094
CSSI;2021,0;5,0;5,153846153846154
CSSI;2021,0;6,0;6,293333333333333
CSSI;2021,0;7,0;7,348314606741573
CSSI;2021,0;8,0;7,328767123287672
CSSI;2021,0;9,0;9,337837837837839
CSSI;2021,0;10,0;12,144736842105264
CSSI;2021,0;11,0;7,436619718309859
CSSI;2021,0;12,0;8,707865168539326
CSSI;2022,0;1,0;7,4
CSSI;2022,0;2,0;7,776470588235294
CSSI;2022,0;3,0;8,0
CSSI;2022,0;4,0;9,557894736842105
CSSI;2022,0;5,0;10,569444444444445
CSSI;2022,0;6,0;11,356164383561644
CSSI;2022,0;7,0;11,653333333333334
CSSI;2022,0;8,0;9,293333333333333
CSSI;2022,0;9,0;11,694117647058823
CSSI;2022,0;10,0;7,191780821917808
CSSI;2022,0;11,0;10,097222222222221
CSSI;2022,0;12,0;12,836065573770492
CSSI;2023,0;1,0;13,014925373134329
CSSI;2023,0;2,0;10,338709677419354
CSSI;2023,0;3,0;14,643835616438356
CSSI;2023,0;4,0;8,432432432432432
CSSI;2023,0;5,0;12,867647058823529
CSSI;2023,0;6,0;8,126582278481013
CSSI;2023,0;7,0;13,921052631578947
CSSI;2023,0;8,0;15,375
CSSI;2023,0;9,0;13,940298507462687
CSSI;2023,0;10,0;13,071428571428571
CSSI;2023,0;11,0;21,64516129032258
CSSI;2023,0;12,0;14,965116279069768
CSSI;2024,0;1,0;8,91891891891892
CSSI;2024,0;2,0;14,009708737864077
CSSI;2024,0;3,0;14,356435643564357
CSSI;2024,0;4,0;12,641304347826088
CSSI;2024,0;5,0;12,719626168224298
CSSI;2024,0;6,0;13,069767441860465
CSSI;2024,0;7,0;14,08974358974359
CSSI;2024,0;8,0;15,454545454545455
CSSI;2024,0;9,0;17,513513513513512
CSSI;2024,0;10,0;18,876712328767123
CSSI;2024,0;11,0;10,23076923076923
CSSI;2024,0;12,0;15,71264367816092
CSSI;2025,0;1,0;20,02857142857143
CSSI;2025,0;2,0;14,014705882352942
CSSI;2025,0;3,0;13,792682926829269
CSSI;2025,0;4,0;18,785714285714285
CSSI;2025,0;5,0;17,737704918032787
CSSI;2025,0;6,0;13,632352941176471
CSSI;2025,0;7,0;23,985294117647058
CSSI;2025,0;8,0;16,257142857142856
CSSI;2025,0;9,0;23,611940298507463
CSSI;2025,0;10,0;14,04225352112676
CSSI;2025,0;11,0;17,1875
CSSI;2025,0;12,0;11,952380952380953
CSSI;2026,0;1,0;14,666666666666666
CSSI;2026,0;2,0;13,08695652173913
HAC;2019,0;1,0;8,08641975308642
HAC;2019,0;2,0;8,116279069767442
HAC;2019,0;3,0;8,548192771084338
HAC;2019,0;4,0;7,541436464088398
HAC;2019,0;5,0;7,599469496021221
HAC;2019,0;6,0;7,405714285714286
HAC;2019,0;7,0;9,338557993730408
HAC;2019,0;8,0;8,058103975535168
HAC;2019,0;9,0;9,17013888888889
HAC;2019,0;10,0;7,471875
HAC;2019,0;11,0;7,658064516129032
HAC;2019,0;12,0;7,473015873015873
HAC;2020,0;1,0;7,763636363636364
HAC;2020,0;2,0;8,293478260869565
HAC;2020,0;3,0;8,728476821192054
HAC;2020,0;4,0;8,413223140495868
HAC;2020,0;5,0;7,608
HAC;2020,0;6,0;9,547244094488189
HAC;2020,0;7,0;8,528735632183908
HAC;2020,0;8,0;6,985611510791367
HAC;2020,0;9,0;7,71484375
HAC;2020,0;10,0;7,783393501805054
HAC;2020,0;11,0;7,141263940520446
HAC;2020,0;12,0;7,018050541516246
HAC;2021,0;1,0;7,728395061728395
HAC;2021,0;2,0;8,348214285714286
HAC;2021,0;3,0;7,258064516129032
HAC;2021,0;4,0;8,141732283464567
HAC;2021,0;5,0;7,397683397683398
HAC;2021,0;6,0;9,404494382022472
HAC;2021,0;7,0;8,428015564202335
HAC;2021,0;8,0;7,505703422053232
HAC;2021,0;9,0;7,838345864661654
HAC;2021,0;10,0;6,200743494423792
HAC;2021,0;11,0;7,626086956521739
HAC;2021,0;12,0;7,377593360995851
HAC;2022,0;1,0;7,891625615763547
HAC;2022,0;2,0;7,032432432432432
HAC;2022,0;3,0;8,213197969543147
HAC;2022,0;4,0;11,27536231884058
HAC;2022,0;5,0;7,745098039215686
HAC;2022,0;6,0;6,424124513618677
HAC;2022,0;7,0;7,024489795918368
HAC;2022,0;8,0;6,928571428571429
HAC;2022,0;9,0;7,847715736040609
HAC;2022,0;10,0;8,234567901234568
HAC;2022,0;11,0;9,42051282051282
HAC;2022,0;12,0;8,373493975903614
HAC;2023,0;1,0;8,96078431372549
HAC;2023,0;2,0;7,526785714285714
HAC;2023,0;3,0;7,828859060402684
HAC;2023,0;4,0;7,062015503875969
HAC;2023,0;5,0;7,811320754716981
HAC;2023,0;6,0;7,1732851985559565
HAC;2023,0;7,0;7,487084870848708
HAC;2023,0;8,0;7,716363636363637
HAC;2023,0;9,0;7,777385159010601
HAC;2023,0;10,0;6,899280575539568
HAC;2023,0;11,0;8,438297872340426
HAC;2023,0;12,0;7,332075471698113
HAC;2024,0;1,0;8,446564885496183
HAC;2024,0;2,0;5,769759450171821
HAC;2024,0;3,0;8,319218241042345
HAC;2024,0;4,0;5,969418960244648
HAC;2024,0;5,0;7,42443729903537
HAC;2024,0;6,0;6,825
HAC;2024,0;7,0;8,006872852233677
HAC;2024,0;8,0;6,4753086419753085
HAC;2024,0;9,0;7,006825938566553
HAC;2024,0;10,0;6,8246153846153845
HAC;2024,0;11,0;7,154545454545454
HAC;2024,0;12,0;7,016949152542373
HAC;2025,0;1,0;7,889937106918239
HAC;2025,0;2,0;6,625454545454545
HAC;2025,0;3,0;7,489164086687307
HAC;2025,0;4,0;6,4650455927051675
HAC;2025,0;5,0;7,875
HAC;2025,0;6,0;7,026143790849673
HAC;2025,0;7,0;8,315950920245399
HAC;2025,0;8,0;7,559485530546624
HAC;2025,0;9,0;7,416129032258064
HAC;2025,0;10,0;8,923303834808259
HAC;2025,0;11,0;7,677631578947368
HAC;2025,0;12,0;8,175084175084175
HAC;2026,0;1,0;8,885017421602788
HAC;2026,0;2,0;7,8023255813953485
HCM;2019,0;1,0;266,1470588235294
HCM;2019,0;2,0;7,414634146341464
HCM;2019,0;3,0;9,25925925925926
HCM;2019,0;4,0;28,1
HCM;2019,0;5,0;23,285714285714285
HCM;2019,0;6,0;22,632653061224488
HCM;2019,0;7,0;104,79166666666667
HCM;2019,0;8,0;6,072727272727272
HCM;2019,0;9,0;1,3529411764705883
HCM;2019,0;10,0;5,4393939393939394
HCM;2019,0;11,0;12,941176470588236
HCM;2019,0;12,0;39,54237288135593
HCM;2020,0;1,0;7,807017543859649
HCM;2020,0;2,0;57,421052631578945
HCM;2020,0;3,0;139,75
HCM;2020,0;4,0;515,0
HCM;2020,0;5,0;131,6
HCM;2020,0;6,0;77,5
HCM;2020,0;7,0;112,16666666666667
HCM;2020,0;8,0;190,45454545454547
HCM;2020,0;9,0;351,5
HCM;2020,0;10,0;308,6
HCM;2020,0;11,0;136,8181818181818
HCM;2020,0;12,0;554,5
HCM;2021,0;1,0;72,0
HCM;2021,0;2,0;114,6
HCM;2021,0;3,0;128,0
HCM;2021,0;4,0;628,8333333333334
HCM;2021,0;5,0;178,3
HCM;2021,0;6,0;44,333333333333336
HCM;2021,0;7,0;104,85714285714286
HCM;2021,0;8,0;78,42857142857143
HCM;2021,0;9,0;50,0
HCM;2021,0;10,0;287,75
HCM;2021,0;11,0;150,8
HCM;2021,0;12,0;197,57142857142858
HCM;2022,0;1,0;1499,75
HCM;2022,0;2,0;218,75
HCM;2022,0;3,0;113,57142857142857
HCM;2022,0;4,0;127,75
HCM;2022,0;5,0;131,71428571428572
HCM;2022,0;6,0;120,75
HCM;2022,0;7,0;91,5
HCM;2022,0;8,0;128,33333333333334
HCM;2022,0;9,0;134,16666666666666
HCM;2022,0;10,0;66,0
HCM;2022,0;11,0;223,0
HCM;2022,0;12,0;238,2
HCM;2023,0;1,0;80,75
HCM;2023,0;2,0;297,0
HCM;2023,0;3,0;243,0
HCM;2023,0;4,0;568,0
HCM;2023,0;5,0;492,5
HCM;2023,0;6,0;210,8
HCM;2023,0;7,0;198,0
HCM;2023,0;8,0;219,0
HCM;2023,0;9,0;310,0
HCM;2023,0;10,0;168,0
HCM;2023,0;11,0;50,125
HCM;2023,0;12,0;237,75
HCM;2024,0;1,0;101,66666666666667
HCM;2024,0;2,0;79,57142857142857
HCM;2024,0;3,0;161,82608695652175
HCM;2024,0;4,0;7,666666666666667
HCM;2024,0;5,0;43,53333333333333
HCM;2024,0;6,0;17,23076923076923
HCM;2024,0;7,0;169,5
HCM;2024,0;8,0;290,3333333333333
HCM;2024,0;9,0;211,0
HCM;2024,0;10,0;62,5
HCM;2024,0;11,0;699,0
HCM;2024,0;12,0;88,7
HCM;2025,0;1,0;96,5
HCM;2025,0;2,0;47,8
HCM;2025,0;3,0;95,85714285714286
HCM;2025,0;4,0;107,7
HCM;2025,0;5,0;291,5
HCM;2025,0;6,0;98,71428571428571
HCM;2025,0;7,0;183,66666666666666
HCM;2025,0;8,0;44,666666666666664
HCM;2025,0;9,0;228,26315789473685
HCM;2025,0;10,0;22,833333333333332
HCM;2025,0;11,0;61,75
HCM;2025,0;12,0;45,666666666666664
HCM;2026,0;1,0;8,3125
HCM;2026,0;2,0;68,30555555555556
HEM;2019,0;1,0;19,135416666666668
HEM;2019,0;2,0;16,296610169491526
HEM;2019,0;3,0;14,620437956204379
HEM;2019,0;4,0;10,946808510638299
HEM;2019,0;5,0;10,487562189054726
HEM;2019,0;6,0;11,897727272727273
HEM;2019,0;7,0;15,741935483870968
HEM;2019,0;8,0;17,258333333333333
HEM;2019,0;9,0;17,391304347826086
HEM;2019,0;10,0;17,495652173913044
HEM;2019,0;11,0;20,396551724137932
HEM;2019,0;12,0;15,488372093023257
HEM;2020,0;1,0;16,643478260869564
HEM;2020,0;2,0;16,759615384615383
HEM;2020,0;3,0;13,397058823529411
HEM;2020,0;4,0;6,574712643678161
HEM;2020,0;5,0;7,579710144927536
HEM;2020,0;6,0;8,302197802197803
HEM;2020,0;7,0;8,941634241245136
HEM;2020,0;8,0;8,788571428571428
HEM;2020,0;9,0;12,58041958041958
HEM;2020,0;10,0;10,220779220779221
HEM;2020,0;11,0;11,533333333333333
HEM;2020,0;12,0;10,094420600858369
HEM;2021,0;1,0;9,466019417475728
HEM;2021,0;2,0;10,308724832214764
HEM;2021,0;3,0;9,472131147540983
HEM;2021,0;4,0;9,233082706766917
HEM;2021,0;5,0;9,639004149377593
HEM;2021,0;6,0;10,272251308900524
HEM;2021,0;7,0;11,558974358974359
HEM;2021,0;8,0;13,345238095238095
HEM;2021,0;9,0;11,76865671641791
HEM;2021,0;10,0;12,216216216216216
HEM;2021,0;11,0;13,411764705882353
HEM;2021,0;12,0;13,084848484848484
HEM;2022,0;1,0;9,71219512195122
HEM;2022,0;2,0;16,532374100719423
HEM;2022,0;3,0;15,957983193277311
HEM;2022,0;4,0;14,652892561983471
HEM;2022,0;5,0;12,136986301369863
HEM;2022,0;6,0;12,954022988505747
HEM;2022,0;7,0;11,567073170731707
HEM;2022,0;8,0;12,986577181208053
HEM;2022,0;9,0;13,840425531914894
HEM;2022,0;10,0;12,067901234567902
HEM;2022,0;11,0;14,329545454545455
HEM;2022,0;12,0;13,31
HEM;2023,0;1,0;13,452830188679245
HEM;2023,0;2,0;13,0
HEM;2023,0;3,0;12,814814814814815
HEM;2023,0;4,0;13,893333333333333
HEM;2023,0;5,0;16,65068493150685
HEM;2023,0;6,0;15,679012345679013
HEM;2023,0;7,0;15,416666666666666
HEM;2023,0;8,0;14,88268156424581
HEM;2023,0;9,0;13,380597014925373
HEM;2023,0;10,0;19,416
HEM;2023,0;11,0;13,694656488549619
HEM;2023,0;12,0;14,215827338129497
HEM;2024,0;1,0;9,497991967871487
HEM;2024,0;2,0;7,055851063829787
HEM;2024,0;3,0;6,877068557919622
HEM;2024,0;4,0;8,225464190981432
HEM;2024,0;5,0;8,9453125
HEM;2024,0;6,0;13,981707317073171
HEM;2024,0;7,0;14,584905660377359
HEM;2024,0;8,0;15,058394160583942
HEM;2024,0;9,0;13,211538461538462
HEM;2024,0;10,0;15,586206896551724
HEM;2024,0;11,0;14,067567567567568
HEM;2024,0;12,0;13,666666666666666
HEM;2025,0;1,0;13,265734265734265
HEM;2025,0;2,0;14,233082706766917
HEM;2025,0;3,0;15,462025316455696
HEM;2025,0;4,0;14,325581395348838
HEM;2025,0;5,0;12,303370786516854
HEM;2025,0;6,0;13,305882352941177
HEM;2025,0;7,0;13,298913043478262
HEM;2025,0;8,0;12,73939393939394
HEM;2025,0;9,0;15,103260869565217
HEM;2025,0;10,0;11,75257731958763
HEM;2025,0;11,0;12,431372549019608
HEM;2025,0;12,0;12,241176470588234
HEM;2026,0;1,0;14,211920529801324
HEM;2026,0;2,0;12,695035460992909
HIJPII;2019,0;1,0;6,70026525198939
HIJPII;2019,0;2,0;10,350132625994695
HIJPII;2019,0;3,0;5,75992438563327
HIJPII;2019,0;4,0;6,577049180327869
HIJPII;2019,0;5,0;7,826356589147287
HIJPII;2019,0;6,0;5,618518518518519
HIJPII;2019,0;7,0;7,300613496932515
HIJPII;2019,0;8,0;7,3478260869565215
HIJPII;2019,0;9,0;6,8684807256235825
HIJPII;2019,0;10,0;6,531806615776081
HIJPII;2019,0;11,0;8,196675900277008
HIJPII;2019,0;12,0;8,280412371134021
HIJPII;2020,0;1,0;6,854103343465046
HIJPII;2020,0;2,0;5,937677053824363
HIJPII;2020,0;3,0;6,734607218683652
HIJPII;2020,0;4,0;7,793522267206478
HIJPII;2020,0;5,0;12,826923076923077
HIJPII;2020,0;6,0;6,131578947368421
HIJPII;2020,0;7,0;6,924119241192412
HIJPII;2020,0;8,0;6,823529411764706
HIJPII;2020,0;9,0;7,22
HIJPII;2020,0;10,0;7,184466019417476
HIJPII;2020,0;11,0;7,135211267605634
HIJPII;2020,0;12,0;7,052785923753666
HIJPII;2021,0;1,0;6,713414634146342
HIJPII;2021,0;2,0;5,708333333333333
HIJPII;2021,0;3,0;7,98581560283688
HIJPII;2021,0;4,0;7,318501170960188
HIJPII;2021,0;5,0;6,796296296296297
HIJPII;2021,0;6,0;7,8936170212765955
HIJPII;2021,0;7,0;7,6194444444444445
HIJPII;2021,0;8,0;9,236760124610592
HIJPII;2021,0;9,0;7,82825484764543
HIJPII;2021,0;10,0;7,46875
HIJPII;2021,0;11,0;6,7421875
HIJPII;2021,0;12,0;6,892712550607287
HIJPII;2022,0;1,0;6,979166666666667
HIJPII;2022,0;2,0;8,744063324538258
HIJPII;2022,0;3,0;6,872340425531915
HIJPII;2022,0;4,0;7,750551876379691
HIJPII;2022,0;5,0;8,515217391304347
HIJPII;2022,0;6,0;7,309002433090025
HIJPII;2022,0;7,0;8,300492610837438
HIJPII;2022,0;8,0;7,273657289002558
HIJPII;2022,0;9,0;6,55860349127182
HIJPII;2022,0;10,0;6,989821882951654
HIJPII;2022,0;11,0;5,945054945054945
HIJPII;2022,0;12,0;6,83289124668435
HIJPII;2023,0;1,0;8,139393939393939
HIJPII;2023,0;2,0;6,806741573033708
HIJPII;2023,0;3,0;6,211320754716981
HIJPII;2023,0;4,0;6,3578947368421055
HIJPII;2023,0;5,0;7,97741273100616
HIJPII;2023,0;6,0;8,007575757575758
HIJPII;2023,0;7,0;7,44789356984479
HIJPII;2023,0;8,0;9,259358288770054
HIJPII;2023,0;9,0;7,9525
HIJPII;2023,0;10,0;9,319209039548022
HIJPII;2023,0;11,0;7,275964391691395
HIJPII;2023,0;12,0;7,168639053254438
HIJPII;2024,0;1,0;7,4089456869009584
HIJPII;2024,0;2,0;6,765133171912833
HIJPII;2024,0;3,0;5,5
HIJPII;2024,0;4,0;6,346469622331691
HIJPII;2024,0;5,0;7,4879518072289155
HIJPII;2024,0;6,0;7,5425
HIJPII;2024,0;7,0;6,879177377892031
HIJPII;2024,0;8,0;8,728571428571428
HIJPII;2024,0;9,0;6,931645569620253
HIJPII;2024,0;10,0;7,812987012987013
HIJPII;2024,0;11,0;6,81638418079096
HIJPII;2024,0;12,0;7,593052109181142
HIJPII;2025,0;1,0;6,9563953488372094
HIJPII;2025,0;2,0;6,791907514450867
HIJPII;2025,0;3,0;6,062222222222222
HIJPII;2025,0;4,0;6,126159554730983
HIJPII;2025,0;5,0;6,665492957746479
HIJPII;2025,0;6,0;6,701789264413519
HIJPII;2025,0;7,0;7,195822454308094
HIJPII;2025,0;8,0;6,981191222570533
HIJPII;2025,0;9,0;8,186046511627907
HIJPII;2025,0;10,0;7,951807228915663
HIJPII;2025,0;11,0;6,974137931034483
HIJPII;2025,0;12,0;8,495978552278821
HIJPII;2026,0;1,0;7,0
HIJPII;2026,0;2,0;6,225409836065574
HJK;2019,0;1,0;8,361145703611458
HJK;2019,0;2,0;9,482366325369739
HJK;2019,0;3,0;8,522372528616025
HJK;2019,0;4,0;8,479338842975206
HJK;2019,0;5,0;8,236220472440944
HJK;2019,0;6,0;8,212121212121213
HJK;2019,0;7,0;8,95
HJK;2019,0;8,0;8,995628415300546
HJK;2019,0;9,0;8,562637362637362
HJK;2019,0;10,0;8,957974137931034
HJK;2019,0;11,0;7,322869955156951
HJK;2019,0;12,0;8,394072447859495
HJK;2020,0;1,0;8,71985815602837
HJK;2020,0;2,0;8,686658506731947
HJK;2020,0;3,0;10,006688963210703
HJK;2020,0;4,0;9,404886561954624
HJK;2020,0;5,0;7,02177068214804
HJK;2020,0;6,0;7,504159733777039
HJK;2020,0;7,0;8,821848739495799
HJK;2020,0;8,0;9,204771371769384
HJK;2020,0;9,0;8,717047451669595
HJK;2020,0;10,0;7,594059405940594
HJK;2020,0;11,0;7,338129496402877
HJK;2020,0;12,0;8,722408026755852
HJK;2021,0;1,0;9,212014134275618
HJK;2021,0;2,0;7,791666666666667
HJK;2021,0;3,0;9,266483516483516
HJK;2021,0;4,0;9,51926298157454
HJK;2021,0;5,0;8,834545454545454
HJK;2021,0;6,0;10,379073756432247
HJK;2021,0;7,0;8,186259541984732
HJK;2021,0;8,0;7,772194304857622
HJK;2021,0;9,0;7,852813852813853
HJK;2021,0;10,0;7,65180102915952
HJK;2021,0;11,0;9,370106761565836
HJK;2021,0;12,0;8,450236966824644
HJK;2022,0;1,0;8,722408026755852
HJK;2022,0;2,0;10,236401673640167
HJK;2022,0;3,0;8,279857397504456
HJK;2022,0;4,0;8,596774193548388
HJK;2022,0;5,0;7,833613445378151
HJK;2022,0;6,0;9,036971830985916
HJK;2022,0;7,0;9,14808362369338
HJK;2022,0;8,0;8,840120663650076
HJK;2022,0;9,0;8,446175637393768
HJK;2022,0;10,0;9,321479374110954
HJK;2022,0;11,0;9,773675762439808
HJK;2022,0;12,0;8,252890173410405
HJK;2023,0;1,0;7,969230769230769
HJK;2023,0;2,0;8,576347305389222
HJK;2023,0;3,0;9,46360153256705
HJK;2023,0;4,0;8,43646408839779
HJK;2023,0;5,0;8,554360812425328
HJK;2023,0;6,0;15,334610472541508
HJK;2023,0;7,0;8,004778972520908
HJK;2023,0;8,0;8,779605263157896
HJK;2023,0;9,0;8,329369797859691
HJK;2023,0;10,0;9,036796536796537
HJK;2023,0;11,0;9,960482985729968
HJK;2023,0;12,0;8,394822006472491
HJK;2024,0;1,0;7,87719298245614
HJK;2024,0;2,0;7,887254901960785
HJK;2024,0;3,0;7,378400659521847
HJK;2024,0;4,0;8,078853046594983
HJK;2024,0;5,0;7,6456352636127916
HJK;2024,0;6,0;7,6268939393939394
HJK;2024,0;7,0;7,9208015267175576
HJK;2024,0;8,0;8,24811320754717
HJK;2024,0;9,0;8,17102615694165
HJK;2024,0;10,0;8,020276497695853
HJK;2024,0;11,0;8,073662966700303
HJK;2024,0;12,0;7,681474480151229
HJK;2025,0;1,0;7,559305689488911
HJK;2025,0;2,0;8,458847736625515
HJK;2025,0;3,0;7,926696832579186
HJK;2025,0;4,0;7,953510436432637
HJK;2025,0;5,0;8,203050524308866
HJK;2025,0;6,0;8,386756238003839
HJK;2025,0;7,0;8,967332123411978
HJK;2025,0;8,0;7,936580882352941
HJK;2025,0;9,0;8,352177942539388
HJK;2025,0;10,0;8,667277726856096
HJK;2025,0;11,0;9,027135678391959
HJK;2025,0;12,0;7,818181818181818
HJK;2026,0;1,0;7,90719696969697
HJK;2026,0;2,0;12,903460837887067
HJXXIII;2019,0;1,0;10,70059880239521
HJXXIII;2019,0;2,0;8,987723214285714
HJXXIII;2019,0;3,0;7,828125
HJXXIII;2019,0;4,0;9,690408357075023
HJXXIII;2019,0;5,0;10,272810218978103
HJXXIII;2019,0;6,0;9,708129285014692
HJXXIII;2019,0;7,0;9,280602636534839
HJXXIII;2019,0;8,0;9,715277777777779
HJXXIII;2019,0;9,0;9,522954091816366
HJXXIII;2019,0;10,0;8,89423076923077
HJXXIII;2019,0;11,0;10,362525458248472
HJXXIII;2019,0;12,0;9,246728971962616
HJXXIII;2020,0;1,0;10,965696465696466
HJXXIII;2020,0;2,0;8,455897980871413
HJXXIII;2020,0;3,0;11,1859243697479
HJXXIII;2020,0;4,0;13,296143250688706
HJXXIII;2020,0;5,0;9,488314883148831
HJXXIII;2020,0;6,0;8,557013118062564
HJXXIII;2020,0;7,0;9,471134020618557
HJXXIII;2020,0;8,0;8,74873353596758
HJXXIII;2020,0;9,0;8,345962113659024
HJXXIII;2020,0;10,0;8,29466791393826
HJXXIII;2020,0;11,0;8,679112008072654
HJXXIII;2020,0;12,0;8,294717330861909
HJXXIII;2021,0;1,0;8,43819095477387
HJXXIII;2021,0;2,0;8,636571428571429
HJXXIII;2021,0;3,0;9,458639705882353
HJXXIII;2021,0;4,0;7,6382592928377155
HJXXIII;2021,0;5,0;7,806953339432754
HJXXIII;2021,0;6,0;8,308510638297872
HJXXIII;2021,0;7,0;8,696969696969697
HJXXIII;2021,0;8,0;8,718518518518518
HJXXIII;2021,0;9,0;7,930210325047801
HJXXIII;2021,0;10,0;7,1501472031403335
HJXXIII;2021,0;11,0;8,479923518164435
HJXXIII;2021,0;12,0;8,889405204460967
HJXXIII;2022,0;1,0;9,123927550047664
HJXXIII;2022,0;2,0;8,391397849462365
HJXXIII;2022,0;3,0;8,009892086330936
HJXXIII;2022,0;4,0;8,74282982791587
HJXXIII;2022,0;5,0;8,74679802955665
HJXXIII;2022,0;6,0;8,04382470119522
HJXXIII;2022,0;7,0;8,829084041548631
HJXXIII;2022,0;8,0;8,407369498464687
HJXXIII;2022,0;9,0;8,355816226783968
HJXXIII;2022,0;10,0;10,365580448065174
HJXXIII;2022,0;11,0;7,335323383084577
HJXXIII;2022,0;12,0;10,908284023668639
HJXXIII;2023,0;1,0;8,304437564499484
HJXXIII;2023,0;2,0;7,874866310160428
HJXXIII;2023,0;3,0;8,403241182078169
HJXXIII;2023,0;4,0;9,248953974895397
HJXXIII;2023,0;5,0;9,41909090909091
HJXXIII;2023,0;6,0;8,283582089552239
HJXXIII;2023,0;7,0;9,917087967644084
HJXXIII;2023,0;8,0;9,642126789366053
HJXXIII;2023,0;9,0;9,727918781725888
HJXXIII;2023,0;10,0;10,474560592044403
HJXXIII;2023,0;11,0;7,696939782823297
HJXXIII;2023,0;12,0;10,304054054054054
HJXXIII;2024,0;1,0;10,883569096844395
HJXXIII;2024,0;2,0;10,745334796926455
HJXXIII;2024,0;3,0;8,617328519855596
HJXXIII;2024,0;4,0;8,772388059701493
HJXXIII;2024,0;5,0;7,91390134529148
HJXXIII;2024,0;6,0;8,149193548387096
HJXXIII;2024,0;7,0;7,691231343283582
HJXXIII;2024,0;8,0;8,593117408906883
HJXXIII;2024,0;9,0;9,148565573770492
HJXXIII;2024,0;10,0;8,633300297324084
HJXXIII;2024,0;11,0;9,035714285714286
HJXXIII;2024,0;12,0;8,876318312559924
HJXXIII;2025,0;1,0;8,545375972342265
HJXXIII;2025,0;2,0;7,720321931589537
HJXXIII;2025,0;3,0;9,490463215258856
HJXXIII;2025,0;4,0;8,33876500857633
HJXXIII;2025,0;5,0;7,615059221658206
HJXXIII;2025,0;6,0;7,745183887915937
HJXXIII;2025,0;7,0;8,179640718562874
HJXXIII;2025,0;8,0;7,84
HJXXIII;2025,0;9,0;8,89683257918552
HJXXIII;2025,0;10,0;7,140740740740741
HJXXIII;2025,0;11,0;7,91236611489776
HJXXIII;2025,0;12,0;8,990492653414002
HJXXIII;2026,0;1,0;8,354207436399218
HJXXIII;2026,0;2,0;8,48024948024948
HMAL;2019,0;1,0;8,488372093023257
HMAL;2019,0;2,0;5,96
HMAL;2019,0;3,0;8,449101796407186
HMAL;2019,0;4,0;6,858757062146893
HMAL;2019,0;5,0;7,085308056872038
HMAL;2019,0;6,0;6,978021978021978
HMAL;2019,0;7,0;7,386792452830188
HMAL;2019,0;8,0;6,636842105263158
HMAL;2019,0;9,0;6,256830601092896
HMAL;2019,0;10,0;5,717821782178218
HMAL;2019,0;11,0;6,573033707865169
HMAL;2019,0;12,0;6,932203389830509
HMAL;2020,0;1,0;9,6
HMAL;2020,0;2,0;6,218390804597701
HMAL;2020,0;3,0;7,60655737704918
HMAL;2020,0;4,0;6,652482269503546
HMAL;2020,0;5,0;5,585987261146497
HMAL;2020,0;6,0;4,4147727272727275
HMAL;2020,0;7,0;5,938095238095238
HMAL;2020,0;8,0;5,687224669603524
HMAL;2020,0;9,0;4,613168724279835
HMAL;2020,0;10,0;5,332075471698113
HMAL;2020,0;11,0;6,065420560747664
HMAL;2020,0;12,0;5,2745098039215685
HMAL;2021,0;1,0;5,06951871657754
HMAL;2021,0;2,0;5,910891089108911
HMAL;2021,0;3,0;5,733031674208145
HMAL;2021,0;4,0;6,558558558558558
HMAL;2021,0;5,0;6,097777777777778
HMAL;2021,0;6,0;5,716814159292035
HMAL;2021,0;7,0;6,6909090909090905
HMAL;2021,0;8,0;6,826291079812207
HMAL;2021,0;9,0;5,99009900990099
HMAL;2021,0;10,0;6,317948717948718
HMAL;2021,0;11,0;7,0359281437125745
HMAL;2021,0;12,0;6,782608695652174
HMAL;2022,0;1,0;8,85593220338983
HMAL;2022,0;2,0;6,489795918367347
HMAL;2022,0;3,0;5,206140350877193
HMAL;2022,0;4,0;6,025510204081633
HMAL;2022,0;5,0;4,732394366197183
HMAL;2022,0;6,0;5,868020304568528
HMAL;2022,0;7,0;5,467336683417085
HMAL;2022,0;8,0;6,865030674846626
HMAL;2022,0;9,0;5,281553398058253
HMAL;2022,0;10,0;4,978494623655914
HMAL;2022,0;11,0;6,784090909090909
HMAL;2022,0;12,0;5,92972972972973
HMAL;2023,0;1,0;5,247252747252747
HMAL;2023,0;2,0;5,489130434782608
HMAL;2023,0;3,0;3,5535714285714284
HMAL;2023,0;4,0;3,9663461538461537
HMAL;2023,0;5,0;5,092050209205021
HMAL;2023,0;6,0;3,7346938775510203
HMAL;2023,0;7,0;3,804081632653061
HMAL;2023,0;8,0;3,8970588235294117
HMAL;2023,0;9,0;67,64367816091954
HMAL;2023,0;10,0;2,9527272727272726
HMAL;2023,0;11,0;3,893238434163701
HMAL;2023,0;12,0;2,665615141955836
HMAL;2024,0;1,0;4,095435684647303
HMAL;2024,0;2,0;3,8537735849056602
HMAL;2024,0;3,0;4,2439024390243905
HMAL;2024,0;4,0;3,85546875
HMAL;2024,0;5,0;3,156934306569343
HMAL;2024,0;6,0;3,8008658008658007
HMAL;2024,0;7,0;3,968888888888889
HMAL;2024,0;8,0;4,173387096774194
HMAL;2024,0;9,0;3,8480392156862746
HMAL;2024,0;10,0;4,254032258064516
HMAL;2024,0;11,0;3,1382978723404253
HMAL;2024,0;12,0;4,1030303030303035
HMAL;2025,0;1,0;7,866141732283465
HMAL;2025,0;2,0;7,532258064516129
HMAL;2025,0;3,0;6,9375
HMAL;2025,0;4,0;5,909090909090909
HMAL;2025,0;5,0;4,84
HMAL;2025,0;6,0;5,173913043478261
HMAL;2025,0;7,0;6,775
HMAL;2025,0;8,0;6,211267605633803
HMAL;2025,0;9,0;8,647058823529411
HMAL;2025,0;10,0;7,46875
HMAL;2025,0;11,0;5,840579710144928
HMAL;2025,0;12,0;5,309523809523809
HMAL;2026,0;1,0;5,765432098765432
HMAL;2026,0;2,0;4,931818181818182
HRAD;2019,0;1,0;6,767857142857143
HRAD;2019,0;2,0;6,016474464579901
HRAD;2019,0;3,0;5,940532081377151
HRAD;2019,0;4,0;6,752136752136752
HRAD;2019,0;5,0;5,836065573770492
HRAD;2019,0;6,0;6,607876712328767
HRAD;2019,0;7,0;6,105960264900662
HRAD;2019,0;8,0;7,078671328671328
HRAD;2019,0;9,0;6,9830827067669174
HRAD;2019,0;10,0;6,246679316888046
HRAD;2019,0;11,0;7,7137476459510355
HRAD;2019,0;12,0;6,329608938547486
HRAD;2020,0;1,0;6,948623853211009
HRAD;2020,0;2,0;5,786096256684492
HRAD;2020,0;3,0;5,858843537414966
HRAD;2020,0;4,0;5,716981132075472
HRAD;2020,0;5,0;5,544347826086956
HRAD;2020,0;6,0;5,977653631284916
HRAD;2020,0;7,0;5,889733840304182
HRAD;2020,0;8,0;7,130755064456722
HRAD;2020,0;9,0;6,20353982300885
HRAD;2020,0;10,0;5,994525547445256
HRAD;2020,0;11,0;6,573929961089494
HRAD;2020,0;12,0;6,0594059405940595
HRAD;2021,0;1,0;6,026415094339622
HRAD;2021,0;2,0;6,2635814889336014
HRAD;2021,0;3,0;6,562862669245648
HRAD;2021,0;4,0;5,905187835420394
HRAD;2021,0;5,0;6,799610894941634
HRAD;2021,0;6,0;6,912451361867705
HRAD;2021,0;7,0;6,472696245733788
HRAD;2021,0;8,0;5,929328621908128
HRAD;2021,0;9,0;5,724436741767764
HRAD;2021,0;10,0;5,83587786259542
HRAD;2021,0;11,0;6,568807339449541
HRAD;2021,0;12,0;5,816216216216216
HRAD;2022,0;1,0;6,12375249500998
HRAD;2022,0;2,0;6,5092592592592595
HRAD;2022,0;3,0;5,901006711409396
HRAD;2022,0;4,0;6,570945945945946
HRAD;2022,0;5,0;5,530988274706868
HRAD;2022,0;6,0;5,7612456747404845
HRAD;2022,0;7,0;6,371868978805395
HRAD;2022,0;8,0;6,376511226252159
HRAD;2022,0;9,0;6,578740157480315
HRAD;2022,0;10,0;6,709486166007905
HRAD;2022,0;11,0;6,574506283662478
HRAD;2022,0;12,0;5,870466321243524
HRAD;2023,0;1,0;5,67524115755627
HRAD;2023,0;2,0;5,3283582089552235
HRAD;2023,0;3,0;5,410060975609756
HRAD;2023,0;4,0;5,817337461300309
HRAD;2023,0;5,0;6,260802469135802
HRAD;2023,0;6,0;5,444794952681388
HRAD;2023,0;7,0;6,341750841750842
HRAD;2023,0;8,0;5,89406099518459
HRAD;2023,0;9,0;5,907575757575757
HRAD;2023,0;10,0;5,462962962962963
HRAD;2023,0;11,0;5,540404040404041
HRAD;2023,0;12,0;5,546120058565154
HRAD;2024,0;1,0;5,739469578783151
HRAD;2024,0;2,0;5,368141592920354
HRAD;2024,0;3,0;5,739329268292683
HRAD;2024,0;4,0;6,00164744645799
HRAD;2024,0;5,0;5,270440251572327
HRAD;2024,0;6,0;6,763955342902712
HRAD;2024,0;7,0;5,633385335413417
HRAD;2024,0;8,0;5,230994152046784
HRAD;2024,0;9,0;5,554074074074074
HRAD;2024,0;10,0;5,100840336134453
HRAD;2024,0;11,0;5,2291970802919705
HRAD;2024,0;12,0;5,502881844380403
HRAD;2025,0;1,0;5,535871156661786
HRAD;2025,0;2,0;6,189852700490999
HRAD;2025,0;3,0;5,874818049490538
HRAD;2025,0;4,0;5,22972972972973
HRAD;2025,0;5,0;5,92018779342723
HRAD;2025,0;6,0;6,026033690658499
HRAD;2025,0;7,0;5,590163934426229
HRAD;2025,0;8,0;5,977235772357724
HRAD;2025,0;9,0;5,498611111111111
HRAD;2025,0;10,0;5,437774524158126
HRAD;2025,0;11,0;5,17310443490701
HRAD;2025,0;12,0;5,712626995645864
HRAD;2026,0;1,0;5,30939226519337
HRAD;2026,0;2,0;5,0473856209150325
HRBJA;2019,0;1,0;14,432432432432432
HRBJA;2019,0;2,0;12,912280701754385
HRBJA;2019,0;3,0;12,349726775956285
HRBJA;2019,0;4,0;11,808080808080808
HRBJA;2019,0;5,0;13,185567010309278
HRBJA;2019,0;6,0;15,546583850931677
HRBJA;2019,0;7,0;12,75
HRBJA;2019,0;8,0;16,079787234042552
HRBJA;2019,0;9,0;14,790419161676647
HRBJA;2019,0;10,0;14,03864734299517
HRBJA;2019,0;11,0;13,912568306010929
HRBJA;2019,0;12,0;14,30722891566265
HRBJA;2020,0;1,0;15,974226804123711
HRBJA;2020,0;2,0;13,19496855345912
HRBJA;2020,0;3,0;14,744565217391305
HRBJA;2020,0;4,0;12,745454545454546
HRBJA;2020,0;5,0;12,544041450777202
HRBJA;2020,0;6,0;10,805825242718447
HRBJA;2020,0;7,0;9,252
HRBJA;2020,0;8,0;10,850427350427351
HRBJA;2020,0;9,0;10,013761467889909
HRBJA;2020,0;10,0;13,372549019607844
HRBJA;2020,0;11,0;13,819148936170214
HRBJA;2020,0;12,0;14,026455026455027
HRBJA;2021,0;1,0;11,515151515151516
HRBJA;2021,0;2,0;11,259036144578314
HRBJA;2021,0;3,0;12,594736842105263
HRBJA;2021,0;4,0;11,808823529411764
HRBJA;2021,0;5,0;10,762376237623762
HRBJA;2021,0;6,0;12,06030150753769
HRBJA;2021,0;7,0;12,424528301886792
HRBJA;2021,0;8,0;13,158163265306122
HRBJA;2021,0;9,0;13,63888888888889
HRBJA;2021,0;10,0;15,053191489361701
HRBJA;2021,0;11,0;15,585635359116022
HRBJA;2021,0;12,0;13,170103092783505
HRBJA;2022,0;1,0;14,58011049723757
HRBJA;2022,0;2,0;16,574193548387097
HRBJA;2022,0;3,0;13,505102040816327
HRBJA;2022,0;4,0;14,018292682926829
HRBJA;2022,0;5,0;16,405263157894737
HRBJA;2022,0;6,0;15,686746987951807
HRBJA;2022,0;7,0;13,694690265486726
HRBJA;2022,0;8,0;12,796208530805687
HRBJA;2022,0;9,0;14,35609756097561
HRBJA;2022,0;10,0;12,333333333333334
HRBJA;2022,0;11,0;15,38036809815951
HRBJA;2022,0;12,0;13,821782178217822
HRBJA;2023,0;1,0;13,541666666666666
HRBJA;2023,0;2,0;14,402439024390244
HRBJA;2023,0;3,0;14,335135135135134
HRBJA;2023,0;4,0;15,52216748768473
HRBJA;2023,0;5,0;14,182795698924732
HRBJA;2023,0;6,0;15,63679245283019
HRBJA;2023,0;7,0;12,549738219895287
HRBJA;2023,0;8,0;15,037914691943127
HRBJA;2023,0;9,0;14,03448275862069
HRBJA;2023,0;10,0;14,25414364640884
HRBJA;2023,0;11,0;13,243589743589743
HRBJA;2023,0;12,0;13,03896103896104
HRBJA;2024,0;1,0;10,912698412698413
HRBJA;2024,0;2,0;12,200956937799043
HRBJA;2024,0;3,0;12,121495327102803
HRBJA;2024,0;4,0;13,18867924528302
HRBJA;2024,0;5,0;12,691964285714286
HRBJA;2024,0;6,0;13,442211055276381
HRBJA;2024,0;7,0;10,95114006514658
HRBJA;2024,0;8,0;10,007915567282321
HRBJA;2024,0;9,0;8,203966005665722
HRBJA;2024,0;10,0;9,48360655737705
HRBJA;2024,0;11,0;10,48917748917749
HRBJA;2024,0;12,0;10,373626373626374
HRBJA;2025,0;1,0;9,104166666666666
HRBJA;2025,0;2,0;8,821576763485478
HRBJA;2025,0;3,0;9,092250922509225
HRBJA;2025,0;4,0;9,629213483146067
HRBJA;2025,0;5,0;10,007042253521126
HRBJA;2025,0;6,0;9,514705882352942
HRBJA;2025,0;7,0;9,345890410958905
HRBJA;2025,0;8,0;10,076363636363636
HRBJA;2025,0;9,0;11,34008097165992
HRBJA;2025,0;10,0;10,283950617283951
HRBJA;2025,0;11,0;10,898785425101215
HRBJA;2025,0;12,0;10,138461538461538
HRBJA;2026,0;1,0;10,125448028673835
HRBJA;2026,0;2,0;8,837662337662337
HRJP;2019,0;1,0;9,145888594164456
HRJP;2019,0;2,0;11,221333333333334
HRJP;2019,0;3,0;12,452316076294277
HRJP;2019,0;4,0;9,805555555555555
HRJP;2019,0;5,0;11,3096926713948
HRJP;2019,0;6,0;11,079081632653061
HRJP;2019,0;7,0;10,577395577395578
HRJP;2019,0;8,0;10,239669421487603
HRJP;2019,0;9,0;10,132124352331607
HRJP;2019,0;10,0;10,540740740740741
HRJP;2019,0;11,0;16,268421052631577
HRJP;2019,0;12,0;9,235872235872236
HRJP;2020,0;1,0;9,055263157894737
HRJP;2020,0;2,0;9,06842105263158
HRJP;2020,0;3,0;11,030373831775702
HRJP;2020,0;4,0;9,97938144329897
HRJP;2020,0;5,0;8,130597014925373
HRJP;2020,0;6,0;8,897727272727273
HRJP;2020,0;7,0;9,62379421221865
HRJP;2020,0;8,0;8,6158940397351
HRJP;2020,0;9,0;9,291814946619217
HRJP;2020,0;10,0;413,75357142857143
HRJP;2020,0;11,0;8,206349206349206
HRJP;2020,0;12,0;8,63888888888889
HRJP;2021,0;1,0;9,542483660130719
HRJP;2021,0;2,0;9,326996197718632
HRJP;2021,0;3,0;8,612637362637363
HRJP;2021,0;4,0;12,132947976878613
HRJP;2021,0;5,0;8,347826086956522
HRJP;2021,0;6,0;9,758992805755396
HRJP;2021,0;7,0;11,93939393939394
HRJP;2021,0;8,0;8,674074074074074
HRJP;2021,0;9,0;7,596958174904943
HRJP;2021,0;10,0;7,778761061946903
HRJP;2021,0;11,0;8,731707317073171
HRJP;2021,0;12,0;8,069400630914826
HRJP;2022,0;1,0;8,94267515923567
HRJP;2022,0;2,0;8,905325443786982
HRJP;2022,0;3,0;11,055408970976254
HRJP;2022,0;4,0;8,396464646464647
HRJP;2022,0;5,0;9,713603818615752
HRJP;2022,0;6,0;8,552631578947368
HRJP;2022,0;7,0;9,015915119363395
HRJP;2022,0;8,0;9,544
HRJP;2022,0;9,0;9,811764705882354
HRJP;2022,0;10,0;9,041543026706231
HRJP;2022,0;11,0;9,487252124645892
HRJP;2022,0;12,0;11,18970189701897
HRJP;2023,0;1,0;8,615853658536585
HRJP;2023,0;2,0;10,742209631728045
HRJP;2023,0;3,0;9,14765100671141
HRJP;2023,0;4,0;9,259351620947632
HRJP;2023,0;5,0;8,968036529680365
HRJP;2023,0;6,0;10,011337868480725
HRJP;2023,0;7,0;9,587064676616915
HRJP;2023,0;8,0;10,185676392572944
HRJP;2023,0;9,0;8,853260869565217
HRJP;2023,0;10,0;9,531969309462916
HRJP;2023,0;11,0;10,947916666666666
HRJP;2023,0;12,0;10,6
HRJP;2024,0;1,0;8,997005988023952
HRJP;2024,0;2,0;10,259887005649718
HRJP;2024,0;3,0;10,393023255813954
HRJP;2024,0;4,0;9,48590021691974
HRJP;2024,0;5,0;9,783482142857142
HRJP;2024,0;6,0;10,748780487804877
HRJP;2024,0;7,0;9,824289405684755
HRJP;2024,0;8,0;10,380434782608695
HRJP;2024,0;9,0;8,821002386634845
HRJP;2024,0;10,0;9,606694560669457
HRJP;2024,0;11,0;7,53960396039604
HRJP;2024,0;12,0;9,477333333333334
HRJP;2025,0;1,0;7,7
HRJP;2025,0;2,0;7,240896358543417
HRJP;2025,0;3,0;8,25269978401728
HRJP;2025,0;4,0;9,592592592592593
HRJP;2025,0;5,0;7,430583501006036
HRJP;2025,0;6,0;8,494356659142213
HRJP;2025,0;7,0;8,493362831858407
HRJP;2025,0;8,0;7,188811188811189
HRJP;2025,0;9,0;8,1651376146789
HRJP;2025,0;10,0;7,3118503118503115
HRJP;2025,0;11,0;7,24
HRJP;2025,0;12,0;8,31578947368421
HRJP;2026,0;1,0;6,894878706199461
HRJP;2026,0;2,0;7,71356783919598
IRS;2019,0;1,0;1,9
IRS;2019,0;2,0;4,705882352941177
IRS;2019,0;3,0;8,514285714285714
IRS;2019,0;4,0;18,920353982300885
IRS;2019,0;5,0;25,535714285714285
IRS;2019,0;6,0;19,484536082474225
IRS;2019,0;7,0;23,471153846153847
IRS;2019,0;8,0;17,383838383838384
IRS;2019,0;9,0;19,41860465116279
IRS;2019,0;10,0;20,79310344827586
IRS;2019,0;11,0;28,432098765432098
IRS;2019,0;12,0;20,894117647058824
IRS;2020,0;1,0;20,977777777777778
IRS;2020,0;2,0;33,3448275862069
IRS;2020,0;3,0;18,112244897959183
IRS;2020,0;4,0;20,048780487804876
IRS;2020,0;5,0;22,324675324675326
IRS;2020,0;6,0;22,25531914893617
IRS;2020,0;7,0;20,34234234234234
IRS;2020,0;8,0;27,298076923076923
IRS;2020,0;9,0;20,99122807017544
IRS;2020,0;10,0;21,92
IRS;2020,0;11,0;23,658536585365855
IRS;2020,0;12,0;20,612903225806452
IRS;2021,0;1,0;17,951923076923077
IRS;2021,0;2,0;16,989690721649485
IRS;2021,0;3,0;17,0859375
IRS;2021,0;4,0;19,485981308411215
IRS;2021,0;5,0;21,81904761904762
IRS;2021,0;6,0;21,49514563106796
IRS;2021,0;7,0;16,424
IRS;2021,0;8,0;19,52991452991453
IRS;2021,0;9,0;20,118181818181817
IRS;2021,0;10,0;20,017094017094017
IRS;2021,0;11,0;22,860869565217392
IRS;2021,0;12,0;32,6283185840708
IRS;2022,0;1,0;19,584269662921347
IRS;2022,0;2,0;22,876923076923077
IRS;2022,0;3,0;23,471153846153847
IRS;2022,0;4,0;22,074468085106382
IRS;2022,0;5,0;24,00826446280992
IRS;2022,0;6,0;21,946236559139784
IRS;2022,0;7,0;26,93258426966292
IRS;2022,0;8,0;21,340425531914892
IRS;2022,0;9,0;21,526315789473685
IRS;2022,0;10,0;24,89887640449438
IRS;2022,0;11,0;20,2
IRS;2022,0;12,0;43,32835820895522
IRS;2023,0;1,0;20,042105263157893
IRS;2023,0;2,0;22,141025641025642
IRS;2023,0;3,0;26,072164948453608
IRS;2023,0;4,0;23,26923076923077
IRS;2023,0;5,0;19,5
IRS;2023,0;6,0;25,706521739130434
IRS;2023,0;7,0;22,977777777777778
IRS;2023,0;8,0;25,4125
IRS;2023,0;9,0;26,04597701149425
IRS;2023,0;10,0;23,972477064220183
IRS;2023,0;11,0;27,873684210526317
IRS;2023,0;12,0;31,406976744186046
IRS;2024,0;1,0;17,950617283950617
IRS;2024,0;2,0;23,56989247311828
IRS;2024,0;3,0;22,938271604938272
IRS;2024,0;4,0;20,253333333333334
IRS;2024,0;5,0;21,45945945945946
IRS;2024,0;6,0;25,125
IRS;2024,0;7,0;23,76829268292683
IRS;2024,0;8,0;28,63013698630137
IRS;2024,0;9,0;24,6056338028169
IRS;2024,0;10,0;47,26315789473684
IRS;2024,0;11,0;24,666666666666668
IRS;2024,0;12,0;26,582089552238806
IRS;2025,0;1,0;22,924242424242426
IRS;2025,0;2,0;22,58
IRS;2025,0;3,0;26,804878048780488
IRS;2025,0;4,0;23,761194029850746
IRS;2025,0;5,0;25,833333333333332
IRS;2025,0;6,0;27,26388888888889
IRS;2025,0;7,0;26,506172839506174
IRS;2025,0;8,0;27,557142857142857
IRS;2025,0;9,0;22,272727272727273
IRS;2025,0;10,0;22,355555555555554
IRS;2025,0;11,0;27,47945205479452
IRS;2025,0;12,0;22,753246753246753
IRS;2026,0;1,0;21,721311475409838
IRS;2026,0;2,0;32,09090909090909
MOV;2019,0;1,0;4,422101449275362
MOV;2019,0;2,0;5,9371196754563895
MOV;2019,0;3,0;5,127272727272727
MOV;2019,0;4,0;4,751724137931035
MOV;2019,0;5,0;5,27891156462585
MOV;2019,0;6,0;3,6977611940298507
MOV;2019,0;7,0;4,6502732240437155
MOV;2019,0;8,0;4,616298811544992
MOV;2019,0;9,0;4,336823734729494
MOV;2019,0;10,0;3,9264214046822743
MOV;2019,0;11,0;3,7518382352941178
MOV;2019,0;12,0;4,645756457564576
MOV;2020,0;1,0;4,211428571428572
MOV;2020,0;2,0;3,7967332123411976
MOV;2020,0;3,0;3,964093357271095
MOV;2020,0;4,0;4,473684210526316
MOV;2020,0;5,0;4,2356215213358075
MOV;2020,0;6,0;4,832089552238806
MOV;2020,0;7,0;4,24
MOV;2020,0;8,0;4,641176470588236
MOV;2020,0;9,0;3,954732510288066
MOV;2020,0;10,0;3,688
MOV;2020,0;11,0;5,040618955512572
MOV;2020,0;12,0;4,779092702169625
MOV;2021,0;1,0;4,466281310211946
MOV;2021,0;2,0;4,275929549902153
MOV;2021,0;3,0;4,16819012797075
MOV;2021,0;4,0;4,907272727272727
MOV;2021,0;5,0;4,72680412371134
MOV;2021,0;6,0;4,185117967332124
MOV;2021,0;7,0;3,9330922242314648
MOV;2021,0;8,0;4,0
MOV;2021,0;9,0;4,367201426024955
MOV;2021,0;10,0;4,194331983805668
MOV;2021,0;11,0;4,066546762589928
MOV;2021,0;12,0;4,293233082706767
MOV;2022,0;1,0;4,4543524416135885
MOV;2022,0;2,0;4,297297297297297
MOV;2022,0;3,0;4,772401433691757
MOV;2022,0;4,0;4,785140562248996
MOV;2022,0;5,0;4,038528896672505
MOV;2022,0;6,0;4,096892138939671
MOV;2022,0;7,0;4,921739130434783
MOV;2022,0;8,0;4,769523809523809
MOV;2022,0;9,0;4,067460317460317
MOV;2022,0;10,0;4,274590163934426
MOV;2022,0;11,0;4,669172932330827
MOV;2022,0;12,0;4,677361853832442
MOV;2023,0;1,0;3,667304015296367
MOV;2023,0;2,0;4,64453125
MOV;2023,0;3,0;4,03257328990228
MOV;2023,0;4,0;5,241635687732342
MOV;2023,0;5,0;4,697802197802198
MOV;2023,0;6,0;4,9113924050632916
MOV;2023,0;7,0;4,479310344827586
MOV;2023,0;8,0;4,295492487479132
MOV;2023,0;9,0;4,96078431372549
MOV;2023,0;10,0;5,757097791798107
MOV;2023,0;11,0;4,5663865546218485
MOV;2023,0;12,0;4,04251968503937
MOV;2024,0;1,0;4,76274165202109
MOV;2024,0;2,0;5,178217821782178
MOV;2024,0;3,0;5,087692307692308
MOV;2024,0;4,0;5,932038834951456
MOV;2024,0;5,0;5,1537242472266245
MOV;2024,0;6,0;4,646953405017921
MOV;2024,0;7,0;4,325131810193322
MOV;2024,0;8,0;4,690189328743545
MOV;2024,0;9,0;4,888535031847134
MOV;2024,0;10,0;4,738888888888889
MOV;2024,0;11,0;5,3934108527131785
MOV;2024,0;12,0;4,948243992606285
MOV;2025,0;1,0;4,925801011804385
MOV;2025,0;2,0;5,321739130434783
MOV;2025,0;3,0;5,033189033189033
MOV;2025,0;4,0;4,35828025477707
MOV;2025,0;5,0;5,396992481203007
MOV;2025,0;6,0;5,172529313232831
MOV;2025,0;7,0;5,058510638297872
MOV;2025,0;8,0;6,059701492537314
MOV;2025,0;9,0;4,661666666666667
MOV;2025,0;10,0;5,013536379018612
MOV;2025,0;11,0;5,681494661921708
MOV;2025,0;12,0;5,302867383512544
MOV;2026,0;1,0;4,70298769771529
MOV;2026,0;2,0;4,822525597269625
Total;;;10,144422327259129
;;;
Filtros aplicados: media_permanencia não é 0,00 estabelecimento não é (Em branco), CEPAI ou MGT Status operacional é Filtro de Ex-Unidades AnoMes não é (Em branco);;;
